Método,Ângulo (rad),Iterações,Tempo (s)
Newton-Raphson trunc,1.1636,2,2.099998528137803e-05
Newton-Raphson float64,1.493005677895116,7,1.1400028597563505e-05
Newton-Raphson float32,1.493005633354187,7,2.9200047720223665e-05
Secante trunc,1.493,10,5.4800009820610285e-05
Secante float64,1.4930056779689602,11,2.1899992134422064e-05
Secante float32,1.493005633354187,11,4.9600028432905674e-05
Bisseção float64,1.4930007308217743,18,2.7499976567924023e-05
Bisseção float32,1.4930007308217743,18,2.7600035537034273e-05
Bisseção trunc,1.4930007308217743,18,2.1499989088624716e-05
