Método,Ângulo (rad),Iterações,Tempo (s)
Newton-Raphson trunc,1.1636,2,1.810002140700817e-05
Newton-Raphson float64,1.493005677895116,7,1.209997572004795e-05
Newton-Raphson float32,1.493005633354187,7,4.429998807609081e-05
Secante trunc,1.493,10,5.91999851167202e-05
Secante float64,1.4930056779689602,11,2.400000812485814e-05
Secante float32,1.493005633354187,11,4.6900007873773575e-05
Bisseção trunc,1.4929468018097,11,3.6699988413602114e-05
Bisseção float64,1.4930007308217743,18,3.0199997127056122e-05
Bisseção float32,1.4930007308217743,18,6.239995127543807e-05
