Método,Ângulo (rad),Iterações,Tempo (s)
Newton-Raphson trunc,1.1636,2,1.699995482340455e-05
Newton-Raphson float64,1.493005677895116,7,1.0500021744519472e-05
Newton-Raphson float32,1.493005633354187,7,2.400000812485814e-05
Secante trunc,1.493,10,5.390000296756625e-05
Secante float64,1.4930056779689602,11,2.010003663599491e-05
Secante float32,1.493005633354187,11,4.6600005589425564e-05
Bisseção float64,1.4930007308217743,18,2.500001573935151e-05
Bisseção float32,1.4930007308217743,18,2.0199979189783335e-05
Bisseção trunc,1.4930007308217743,18,2.139998832717538e-05
