ano_censo,populacao_milhoes
1970,95.375651
1980,121.207461
1991,151.724256
2000,174.018282
2010,193.701929
2022,210.306415
