ano,populacao_milhoes
2001,172.385826
2005,184.184264
2015,204.450049
2019,210.147125
2020,211.755692
2021,213.317639
